??,???????????????? ???????? ????????????,??????????? ???????????? ????????????,MS Exchange,??????? ??????,?????????,,,,????????,
??,???????????????? ???????? ????????????,??????????? ???????????? ????????????,Skype,??????? ??????,?????????,,,,????????,
??,???????????????? ???????? ????????????,??????????? ???????????? ????????????,Active Directory,??????? ??????,?????????,,,,????????,
??,???????????????? ???????? ????????????,??????????? ???????????? ????????????,MS Exchange,???????? ????,???????? ???? S,512??,,?????? ? ???????? ???? ??????? 512 ??,????????,
??,???????????????? ???????? ????????????,??????????? ???????????? ????????????,Active Directory,??????,?????????,,?????XXX ???.???.??????? ? ?????????,LentaXXX BakeryDeputyHeads,????????,
??,???????????????? ???????? ????????????,????????,Active Directory,??????,?????????,,?????XXX ???.???.??????? ? ?????????,LentaXXX BakeryDeputyHeads,????????,
??,???????????????? ???????? ????????????,????????,Skype,??????? ??????,?????????,,,,????????,
??,???????????????? ???????? ????????????,????????,Active Directory,??????? ??????,?????????,,,,????????,
??,???????????????? ???????? ????????????,????????,MS Exchange,???????? ????,???????? ???? S,512??,,?????? ? ???????? ???? ??????? 512 ??,????????,
??,???????????????? ???????? ????????????,????????,MS Exchange,??????? ??????,?????????,,,,????????,
??,????????? ????????????,??????????? ???????????? ????????????,Active Directory,??????? ??????,?????????,,,,????????,
??,????????? ????????????,??????????? ???????????? ????????????,MS Exchange,???????? ????,???????? ???? S,512??,,?????? ? ???????? ???? ??????? 512 ??,????????,
??,????????? ????????????,??????????? ???????????? ????????????,Active Directory,??????,,,?????XXXX ???.???.??????? ????????????,LentaXXXX Meat Deputy Production Heads,????????,
??,????????? ????????????,??????????? ???????????? ????????????,MS Exchange,??????? ??????,,,,,????????,
??,????????? ????????????,??????????? ???????????? ????????????,Skype,??????? ??????,?????????,,,,????????,
????,?????? ???????? ??,???????? ??????,Active Directory,??????,?????????,,WH SPb Mobile Devices Users,WH SPb Mobile Devices Users,????????,
????,?????? ???????? ??,???????? ??????,Active Directory,??????,?????????,,OTM RDP Users,OTM RDP Users,????????,
????,?????? ???????? ??,???????? ??????,Active Directory,??????,?????????,,WH SPb EWM Users,WH SPb EWM Users,????????,
????,?????? ????????,???????? ??????,Active Directory,??????,?????????,,WH SPb Mobile Devices Users,WH SPb Mobile Devices Users,????????,
????,?????? ????????,???????? ??????,Active Directory,??????,?????????,,OTM RDP Users,OTM RDP Users,????????,
????,?????? ????????,???????? ??????,Active Directory,??????,?????????,,WH SPb EWM Users,WH SPb EWM Users,????????,
??,????? A,???????? ??????,Active Directory,??????,?????????,,WH SPb Mobile Devices Users,WH SPb Mobile Devices Users,????????,
??,????? A,???????? ??????,Active Directory,??????,?????????,,OTM RDP Users,OTM RDP Users,????????,
??,????? A,???????? ??????,Active Directory,??????,?????????,,WH SPb EWM Users,WH SPb EWM Users,????????,
??,????? B,???????? ??????,Active Directory,??????,?????????,,WH SPb Mobile Devices Users,WH SPb Mobile Devices Users,????????,
??,????? B,???????? ??????,Active Directory,??????,?????????,,OTM RDP Users,OTM RDP Users,????????,
??,????? B,???????? ??????,Active Directory,??????,?????????,,WH SPb EWM Users,WH SPb EWM Users,????????,
??,????? C,???????? ??????,Active Directory,??????,?????????,,WH SPb Mobile Devices Users,WH SPb Mobile Devices Users,????????,
??,????? C,???????? ??????,Active Directory,??????,?????????,,OTM RDP Users,OTM RDP Users,????????,
??,????? C,???????? ??????,Active Directory,??????,?????????,,WH SPb EWM Users,WH SPb EWM Users,????????,
??,????? E,???????? ??????,Active Directory,??????,?????????,,WH SPb Mobile Devices Users,WH SPb Mobile Devices Users,????????,
??,????? E,???????? ??????,Active Directory,??????,?????????,,OTM RDP Users,OTM RDP Users,????????,
??,????? E,???????? ??????,Active Directory,??????,?????????,,WH SPb EWM Users,WH SPb EWM Users,????????,
??,????????????? ??,???????? ?????? ?????????,Active Directory,??????,,,USB access Read,na,????????,
??,????????????? ??,?????????? ????????? ?????????,Active Directory,??????,,,USB access Read,na,????????,
??,????????????? ??,??????? ?????????? ????????? ?????????,Active Directory,??????,,,USB access Read,na,????????,
??,????????????? ????????????,???????? ????????????,Active Directory,??????,,,USB access Read,na,????????,
